Percentile;Year;Italy;UK;France;Germany;Belgium
pall;1970;19968.6084;18541.876;19999.5826;23329.3262;20363.7252
pall;1971;20215.8077;18980.2701;20800.18;23755.3007;21124.9235
pall;1972;20822.1355;19613.6922;21468.1974;24424.9939;22180.863
pall;1973;22043.4909;20825.1876;22519.9292;25374.566;23609.9681
pall;1974;22746.7887;20213.0052;23166.5291;25284.2137;24477.2806
pall;1975;21810.0838;19773.2509;22728.5129;24932.2079;23857.5991
pall;1976;23325.5321;20187.7897;23527.4992;26253.9504;25240.1514
pall;1977;23756.9107;20521.346;24029.3889;27022.4301;25006.5513
pall;1978;24465.7254;21108.7314;24742.3262;27792.1701;25502.3708
pall;1979;25969.7155;21786.5159;25422.4738;28650.1296;25760.7805
pall;1980;26760.6471;21115.323;25471.4687;28766.657;26093.9906
pall;1981;26333.9366;20689.6935;25431.382;28444.1224;25655.3166
pall;1982;26125.4616;21091.1537;25668.0169;27991.0034;25524.4857
pall;1983;26293.9391;21810.4759;25561.498;28335.6414;25415.4909
pall;1984;26932.5195;22163.5977;25656.9291;29125.1581;26049.2962
pall;1985;27352.5461;22982.7356;26015.3405;29672.3133;26419.9529
pall;1986;27924.3933;23362.9562;26573.1431;30079.3836;26952.3828
pall;1987;28648.2734;24407.0458;27106.4008;30172.8382;27619.6392
pall;1988;29629.4317;25607.7646;28100.1348;31122.3134;28927.9487
pall;1989;30318.3007;26200.1721;29022.2243;31862.5823;29755.3987
pall;1990;30428.9569;26176.6307;29513.0262;32753.3091;30539.1764
pall;1991;30564.2269;25664.1594;29366.231;30917.3726;31026.5403
pall;1992;30204.2496;25933.1597;29602.3921;31144.8046;31278.3527
pall;1993;29695.6344;26774.8975;29170.7253;30399.3977;31111.6547
pall;1994;30131.469;27679.517;29645.6062;30882.7634;32297.6818
pall;1995;31051.411;28501.166;30060.4043;31181.8374;32781.1431
pall;1996;31312.8269;29046.8046;30466.3891;31312.4218;33020.1325
pall;1997;31980.7954;29938.2409;31202.6392;31790.8433;34361.7073
pall;1998;32245.3941;31031.6106;32195.0464;32281.092;34960.7606
pall;1999;32867.8482;32434.8905;33343.9151;32854.2284;35968.5677
